bucket	id	title	en_ratio	en_words	garble	annotation	excerpt
clean	wiki:ig:59031	Asụsụ Penan	0.0	0	0	mt	NibongPenanA mụrụ ya Malaysia, BruneiÓgbèSarawak, BorneoAgbụrụNdị PenanNdị na-asụ asụsụ alaca. 13,000 (2007–2011)Eastern Penan at Ethnologue (18th ed., 2015) (subscription required)Western Penan at Ethnologue (18th ed., 2015) (subscription required) Ezinụlọ asụsụAustronesian  Malay-Polynesia  Ebe Ug
clean	wiki:ig:21386	Hdi language	0.0	0	0	mt	Hdi (Hedi, Xədi, Tur) bụ asụsụ Afro-Asiatic nke Cameroon na Nigeria.  Na Cameroon, a na-asụ Hdi naanị n'otu obodo n'ókè Naịjirịa akpọroTourou (arrondissement of Mokolo, ngalaba Mayo-Tsanaga, Far North Region) site na otu puku ndị na-ekwu okwu. A na-asụkarị ya na Naijiria. Asụsụ Hdi na Mabas nwere nj
clean	wiki:ig:50148	Simarani Nayak	0.0	0	0	mt	Simarani Nayak Simarani Nayak (amụrụ 1964) bụ onye ndọrọ ndọrọ ọchịchị India si Odisha . Ọ bụ onye omeiwu ugboro atọ si Hindol Assembly Constituency na Dhenkanal District . Ọ na-anọchi anya Bharatiya Janata Party . Ọ meriri ntuli aka ndị omebe iwu Odisha 2024 .     Ndụ mmalite na agụmakwụkwọ  Nayak 
clean	wiki:ig:60049	Billy Johnson (onye Mormon)	0.00118	1	0	human	Joseph William Billy Johnson (17 Disemba 1934 - 27 Machị 2012) bụ otu n'ime ndị mbụ a nkwado na Church of Jesus Christ of Latter-day Saints (LDS Church) na Ghana, ọ bụkwa otu n'etiti ndị isi mbụ na mba ahụ.  Tupu e mee ya baputizim, ọ bụ ọrụ ọtụtụ awụ iji hụ nke egwuregwu LDS nye ọtụtụ ndị obodo ya.
clean	wiki:ig:48990	Françoise Ellong	0.0	0	0	human	Françoise Ellong (amuru 8 February 1988) bu onye isi ihe nkiri na onye ode akwukwo Cameroon.   Akụkọ ndụ  A mụrụ Ellong na Douala, Cameroon na 1988. Mgbe ọ dị afọ 11, ọ kwagara Brunoy ka ya na nwanne nna ya biri, o dekwara akụkọ mbụ ya. Ellong sonyere na asọmpi maka ndị odee na-eto eto na-asụ French
clean	wiki:ig:53622	Ljiljana Raičević	0.0	0	0	mt	Ljiljana Raičević (Serbian Cyrillic: Љиљана Раичевић; amụrụ 29 June 1947, née Petrović) bụ onye na-akwado ikike mmadụ na ikike ụmụ nwanyị na Serbia na Montenegro.  Ọ bụ onye 2006 nwetara nzere nke Amnesty International Ginetta Sagan Fund Award.  Raicevic kere Montenegro's SOS LINE, NGO mbụ na mba ah
clean	wiki:ig:77240	Olatunji Oyeyemi Moronfoye	0.0	0	0	mt	Olatunji Oyeyemi Moronfoye () bụ onye ndọrọ ndọrọ ọchịchị Naijiria nke jere ozi dị ka Kọmishọna maka Ozi na Kwara Steeti n'oge ọchịchị onye bụbu Gọvanọ Abdulfatah Ahmed .    Arụmụka  EFCC gbara Moronfoye akwụkwọ n'afọ 2015 maka ebubo nke iji ọrụ eme ihe n'ụzọ na-ezighị ezi, nkwekọrịta nkwekọrịta, ịd
clean	wiki:ig:27201	Ndị na-ere ahịa BoE	0.0	0	0	mt	BoE Stockbrokers bụ onye na-enye ọrụ ego ikike, na onye otu Nedbank Group. Dị ka ụlọ ọrụ na-ere ahịa ngwaahịa South Africa, BoE Stockbrokers (Pty) Ltd na-enye ọrụ sitere na ndụmọdụ itinye ego na njikwa itinye ego na akụrụngwa e-azụmahịa buru ibu, na-elekwasị anya na ndị nwere ọnụ ahịa dị elu na ndị 
clean	wiki:ig:23843	Dele	0.0	0	0	mt	link=//upload.wikimedia.org/wikipedia/commons/4/43/Deleatur_%28black%29.png|alt=A dele.|áká_ịkẹngạ|102x102px|Nke ya. Dele ma ọ bụ deleatur (/ˈdiːliː/, /ˌdiːliˈeɪtər/) bụ obelism (ihe nnọchianya na-agụ) nke a na-eji akara maka ihichapụ.  A ṅa-ejikarị glyph maka Pfennig eme ihe iji nọchite anya dele n
clean	wiki:ig:50052	Eugen Johannessen	0.0	0	0	unclear	Eugen JohannessenEugen Monrad Johannessen (1892 - 1975) bụ onye ndọrọ ndọrọ ọchịchị Norwegian maka Labour Party . Ọ jere ozi na kansụl obodo Oslo, mana amaara ya nke ọma maka ọrụ ya na nzukọ pati ahụ. A makwaara ya dị ka onye na-azụ ahịa, yana onye na-emegide ya n'oge Agha Ụwa nke Abụọ.   Ọrụ  A mụr
clean	wiki:ig:48291	Eunice Bélidor	0.0	0	0	mt	Eunice Bélidor (amụrụ 1987) bụ onye Canada na-ahụ maka nka nke oge a, onye edemede na onye nyocha.    Ndụ mmalite na agụmakwụkwọ  Amụrụ na Montreal nye ndị nne na nna kwagara Haiti, Bélidor dechara nzere BA na akụkọ ihe mere eme nka na Mahadum Concordia .  O mechara nweta MA na Art History & Visual 
clean	wiki:ig:39926	Nchebe nri na Chad	0.00077	1	0	mt	300x300px| Onye ọrụ ugbo na Chad. Ihe karịrị 80% nke ndị bi na ya na-arụ ọrụ ugbo na akụ na ụba Chad na-abụkarị ndị ọrụ ugbo.  Chad na-enwe ụkọ nri zuru ebe niile ugbu a.  Ihe ka ọtụtụ ná ndị bi na Chad na-enwezi ụdị erighị ihe na-edozí .  [1] 87% nke ndị bi na ya bi n'okpuru ahịrị ego.  [2] N'ihi n
clean	wiki:ig:35173	Yūshin Maru	0.0	0	0	mt	Yūshin Maru (勇新丸, Yūshin Maru), bụ onye na-ahụ ma ka whale edebanyere aha Japan nke na-arụ ọrụ whaling na North Pacific Ocean na Southern Ocean. Ya na ụgbọ mmiri ndị ọzọ nke ụgbọ mmiri ndị Japan, egosipụtara ya na telivishọn America kemgbe n'afọ 2008, n'ụdị akwụkwọ akụkọ eziokwu Whale Wars.    Ihe n
clean	wiki:ig:11125	Render to Ceasar	0.0	0	0	human	Render to Caesar bụ ihe nkiri mkpali obi Naijiria nke 2014  Desmond Ovbiagele dere ma mepụta ya,nduzi site Desmond Ovbiagele na Onyekachi Ejim. Ọ gosiputara Wale Ojo, Gbenga Akinnagbe, Omoni Oboli na Bimbo Manuel ya na ngosiputa pụrụ iche site na Kehinde Bankole na Femi Jacobs .   Emebere ihe nkiri 
clean	wiki:ig:60067	Mampi	0.0	0	0	unclear	Mampi Mirriam Mukape (amuru Ọgọst 4, 1986), nke a ma ama dị ka Mampi, bụ onye Zambia na-abụ abụ, onye na-eme ihe nkiri na onye na-ede abụ. Egwu ya bụ kwaito na reggae sitere n'ike mmụọ nsọ. Ọ bụ otu n'ime ndị omenkà ụmụ nwanyị Zambia a na-elele na YouTube.   Oge ọ malitere  A mụrụ Mampi na Lusaka na
clean	wiki:ig:65354	Andrey Coutinho	0.0	0	0	mt	Andrey Marcel Ferreira Coutinho (amụrụ n'ụbọchị iri na abụọ Jenụwarị , 1990) bụ onye Brazil na-agba bọọlụ.   Nsọpụrụ    Ndị Ntorobịa Africa   Njikọ Premier nke Tanzania: 2014-152014–15   Edemsibia    Njikọ mpụga    Ebe nrụọrụ weebụ gọọmentị Thaileague: Samut Sakhon City F.C. Ndị egwuregwu Otú:Mmadụ 
clean	wiki:ig:22377	Christine Apolot	0.0	0	0	mt	Christine Apolot bụ onye nkuzi na onye ndọrọ ndọrọ ọchịchị nke Uganda. Ọ bụ onye ndụmọdụ mpaghara ise(LC5) oche maka Kumi District. A họpụtara ya n'ọkwa ahụ n'ọnwa June 2016.  N'afọ 2021, ọ gbara ọsọ dị ka onye nnọchi anya ụmụ nwanyị nke Kumi District n'okpuru National Resistance Movement party na-a
clean	wiki:ig:46843	Eldren Bailey	0.00139	1	0	mt	"Eldren ""EM"" Bailey (1903-1987) bụ onye omenkà Africa America kacha mara amara maka nnukwu ọkpụkpụ ciment ya, nke ọ na-egosipụtakarị n'ihu ụlọ ya. Amụrụ na Flovilla, Georgia, Bailey nọrọ ọtụtụ ndụ ya na ọrụ ya na Atlanta, Georgia . ""Eldren M. Bailey | Souls Grown Deep Foundation"". www.soulsgrowndeep."
clean	wiki:ig:41010	Global Village Foundation	0.0	0	0	mt	Global Village Foundation ( GVF ) bụ òtù ọrụ ebere na-adịghị akwụ ụgwọ nke na-enye ọzụzụ na nlekọta ahụike maka ụmụaka na ndị obodo ime obodo na Vietnam VietNamNet Bridge, US NGOS active in humanitarian, development domain in VN, June 2007 na ụfọdụ mba ndị ọzọ nke Eshia. Ntọala guzosiri ike na 1999 
clean	wiki:ig:23085	Emma Powell	0.0	0	0	mt	Good Emma Louise Powell bụ onye ndọrọ ndọrọ ọchịchị South Africa bụ onye bụ onye omeiwu (MP) maka Democratic Alliance (DA).  A kpọrọ ya aha dị ka osote minista na-ahụ maka ebe obibi mmadụ, mmiri na ịdị ọcha na kọmitii na-ahụ anya nke Mmusi Maimane na June 2019.  N'ọnwa Disemba na afọr puku abụọ na i
clean	wiki:ig:28259	Edemede juru eju	0.0	0	0	mt	Edemede juru eju bụ okwu iwu ma ọ bụ ụlọ ọrụ na-akọwa ihe ndị dị ka matarasị, àkwà, ihe mkpuchi, ohiri isi, ihe eji egwuri egwu, teddy bea wdg, ya bụ: ihe eji akwa jupụta na ihe na-adịghị arụ ọrụ, ihe siri ike, dị ka ogho, kapok, ma ọ bụ polyurethane ụfụfụ. A na-achọkarị ka ihe ndị dị otú ahụ na-ere
clean	wiki:ig:71892	Taofeek Owonikoko	0.0	0	0	mt	Taofeek Kunle OwonikokoA mụrụ yaNaịjirịaAlma mater  Mahadum Obafemi Awolowo  Ụlọ Ọgwụ Nkụzi Mahadum Lagos  Mahadum Heinrich Heine DüsseldorfỌrụ sayensịỤlọ ọrụMahadum Emory Mahadum Johns HopkinsAkwụkwọ edemedeGenetische Heterogenität na Adenokarzinomen des Ösophagus (2000) Taofeek Kunle Owonikoko bụ 
clean	wiki:ig:36154	Lockdown (ihe nkiri Naijiria nke afọ 2021)	0.0	0	0	human	Lockdown bụ ihe nkiri 2021 na-akpali agụụ mmekọahụ nke Naijiria nke Moses Inwang dere ma duzie ya.  Ihe nkiri a gosiri ndi na-eme ihe nkiri gunyere Omotola Jalade-Ekeinde, Tony Umez na Charles Awurum.  Emepụtara ihe nkiri a site na mmekorita n'etiti ụlọ ọrụ Sneeze Films, FilmOne, iFactory Films na C
clean	wiki:ig:53335	Rebecca Bennett (onye na-eme ihe ọṅụṅụ)	0.00131	1	0	mt	Rebecca Bennett (onye amụrụ Rebecca Reid na 1983) arụwo ọrụ n'ọkwa dị iche iche na Anheuser-Busch InBev, n'oge na-adịbeghị anya dị ka onye isi njikwa dị mma na Baldwinsville, New York. O jikwa ọkwa osote brewmaster (2015-2018) na ụlọ ọrụ Baldwinsville ma bụrụkwa ọkachamara na mmepe ngwaahịa (2010-20
clean	wiki:ig:32239	Nri na-acha anụnụ anụnụ	0.0	0	0	mt	A brush bleb bụ blister na brush nke nwere ike jupụta na serous ma ọ bụ mmiri ọzọ. A na-enwe ọnyà na-acha ọbara ọbara Ọ nwere ike ịbụ pinki ma ọ bụ odo odo. Ọ nwere mgbidi dị warara ma nwee ike ịpụta dị ka obere blister, ihe karịrị 5 mm n'obosara. A pụkwara ịkpọ ya bulla. bulla Ụfọdụ ndị dọkịta nwer
trace	wiki:ig:47283	Howard Sims (onye na-atụpụta ụkpụrụ ụlọ)	0.00372	2	0	human	Howard Francis Sims, FAIA(1933–2016), bụ onye America na-ese ụkpụrụ ụlọ, onye ọchụnta ego, na onye enyemaka, na-arụ ọrụ na Detroit.  Ọ tọrọ ntọala ụlọ ọrụ ihe owuwu SDG Associates (nke bụbu Howard Sims & Associates, na emesia Sim–Varner).   Sims nyere aka chepụta koodu owuwu mbụ steeti Michigan. Ọ b
trace	wiki:ig:45164	Ihe mmeri	0.00376	1	0	mt	Winsom ( mmalite 1946) [1] bụ onye Canada- Jamaican Maroon onye na-ese mgbasa ozi ọtụtụ ihe na-arụ ọrụ na akwa, ngwaọrụ, vidiyo, nrụnye, na nwa nwa.  [2] Ụbọchị ya na-egosi ọnọdụ ime echiche    Akiri Winsom na 1946 na Jamaica, [1] ebe ọ akwụkwọ akwụkwọ na Jamaica School of Art .  [2] Ọ kwagara Canad
trace	wiki:ig:44489	Hocine Zaourar	0.00692	2	0	unclear	"Hocine Zaourar (amụrụ na 18 Disemba 1952),  nke a makwaara site na aha Hocine, bụ onye Algeria na-ese foto. Foto ya nke nwanyị na-eru uju mgbe ogbugbu Bentalha gasịrị na Algeria, nke a kpọrọ ""Madonna nke Bentalha"", meriri foto presi is nke afọ na nrite Bayeux Calvados-Normandy maka ndị nta akụkọ agh"
trace	wiki:ig:18390	Tabu Ley Rochereau	0.00556	6	0	mt	Pascal-Emmanuel Sinamoyi Tabu (13 Nọvemba 1940), nke a maara nke ọma dị ka Tabu Ley Rochereau, bụ onye isi na-agụ egwú rumba na onye na-ede egwú si Democratic Republic of the Congo.. Rumba on the River. Cold Run Books. Archived from  on 2012-07-06. Ọ bụ onye ndú nke Orchestre Afrisa International, y
trace	wiki:ig:16801	Xoli Zondi	0.00565	2	0	unclear	"Xolisile ""Xoli"" Zondi (amụrụ na 17 Septemba 1983), nke a makwaara dị ka Xoli Zondi-Zamisa, bụ onye South Africa na-eme ihe nkiri na onye nlereanya. A maara ya nke ọma maka ọrụ ya na usoro nkiri telivishọn Family Bonds, Generations na Single Galz.   Ndụ onwe  A mụrụ Zondi na 17 Septemba 1983 na Hamme"
trace	wiki:ig:16305	Charmaine Mujeri	0.00575	1	0	unclear	Charmaine Mujeri bụ onye na-eme ihe nkiri na mba Zimbabwe. N'afọ 2020, a họpụtara ya maka onye na-akwado ihe nkiri kachasị mma na Africa Movie Academy Awards .    Ihe nkiri  Mujeri bụ onye na-eme ihe nkiri n'afọ 2017 Harare International Festival of the Arts . N'afọ 2019, ọ pụtara n'egwuregwu, Ruvaj
trace	wiki:ig:40066	S.P.I.T.: Squeegee Punks in Traffic	0.00847	1	0	mt	"SPIT: Squeegee Punks in Traffic bụ ihe nkiri Canada 2001 nke Daniel Cross dere .  Akụkọ ahụ na-ahụ site n'echiche nke squeegee .   Onye isi agwa, ""Roach,"" mechara bụrụ onye ntụzi akwụkwọ ndị EyeSteelFilm dị ka Eric ""Roach"" Denis .   nnabata  Ntụleghachi dị mma na TV kwuru, ""Ọ bụghị naanị ihe nkiri a"
trace	wiki:ig:45204	Samuel Robin Spark	0.00688	4	0	mt	"Samuel Robin Spark (9 Julaị 1938 - 6 Ọgọst 2016) bụ onye omenkà Scotland. Ọ bụ nwa nwoke Sidney Oswald Spark na onye edemede Muriel Spark . Lodge, David (19 August 2010). ""The Prime of Muriel Spark"". [Review of the book Muriel Spark: The Biography, by Martin Stannard]. New York Review of Books 57(13"
trace	wiki:ig:11510	Murphy Ijemba	0.00485	1	0	human	Murphy Ijemba bụ onye ọrụ redio Naijiria na-akwado ihe ngosi RUSH HOUR na 97.7 METRO FM.  Ka ọ dị ugbu a, ụdị ịgbachite anya redio ya enwetala ya ọtụtụ nhọpụta na nkwanye ugwu na mmemme inye onyinye na Naịjirịa.     Ndụ mmalite na agụmakwụkwọ  Ọ bụ onye Igbo .  Amụrụ ya na Mushin, dịpụrụ adịpụ na Le
trace	wiki:ig:53494	Ihe Ncheta Agatha Christie	0.00656	2	0	unclear	Ihe Ncheta Agatha Christie  Ihe Ncheta Agatha Christie bụ ihe ncheta maka onye edemede na onye na-ede egwuregwu Agatha Chrisgie, nke dị na nkwonkwo nke Cranbourn Street na Great Newport Street site na St Martin's Cross nso Covent Garden, na London, United Kingdom.   Nkọwa na akụkọ ihe mere eme  Ihe 
trace	wiki:ig:52905	Florence Stacpoole	0.00417	1	0	unclear	Florence Stacpoole (1850 – 2 Disemba 1942) bụ onye ode akwụkwọ lekwasịrị anya na ahụike na mmefu ego.   Akụkọ ndụ  Florence Stacpoole bụ ada Rev. William Church Stacpoole na Charlotte Augusta Mountjoy . A mụrụ ya na Dublin na 1850.  Nna ya bụ dean nke Kingstown na dọkịta nke chi na Trinity College D
trace	wiki:ig:47614	Herbert Abrams	0.00601	3	0	mt	thumb|Herbert E Abrams  Herbert E. Abrams (March 20, 1921 – Ọgọst 29, 2003) bụ onye omenkà America.  Ọ bụ otu n'ime ndị na-ese ihe osise nke oge ya nke a ma ama maka ụdị omenala ya.  Ụbọchị ya nkiri ihe ndị ọrụ White House nke ndị isi oche mbụ Jimmy Carter na George HW Bush .  N'oge ọrụ nke, ọ na-es
trace	wiki:ig:26303	Mmetọ ikuku nke ezinụlọ	0.00363	19	0	mt	"300x300px|Nkewa nke ndị nwụrụ site na mba site na mmetọ ikuku n'ụlọ na 2017. Mmetọ ikuku n'ụlọ bụ ụdị dị ịrịba ama nke mmetọ ikuku n""ime ụlọ nke na-emetụta usoro isi nri na usoro okpomọkụ eji eme ihe na mba ndị na-emepe emepe. Ebe ọ bụ na a na-eji mmanụ dị ndụ eme ọtụtụ nri, n'ụdị osisi, icheku ọkụ,"
trace	wiki:ig:18570	Noko Matlou	0.0059	2	0	mt	Noko Alice Matlou (amụrụ n'abalị iri atọ n'ọnwa Septemba n'afọ 1985) bụ onye na-agba bọọlụ na South Afrika nke na-agba bọọlụ dị ka onye na-eme egwuregwu maka ndị otu Spanish Segunda División Pro SD Eibar. Ọ nọchitere anya ndị otu ụmụ nwanyị nke mba South Africa ma dị ka onye na-agba ọsọ ma onye na-e
trace	wiki:ig:77350	Austin Okezie Meregini	0.00599	1	0	human	Austin Okezie Meregini  (nke a makwaara dị ka Ugolee) bụ onye ndọrọ ndọrọ ọchịchị na onye omeiwu Naijiria nke na-eje ozi dị ka osote onye isi oche nke Steeti Abịa House of Assembly, na-anọchite anya Umuahia East State Constituency .  Ọ bụ onye otu Labour Party.   Ọrụ ndọrọ ndọrọ ọchịchị  A họpụtara 
trace	wiki:ig:55000	Farooque Ahmed	0.00945	6	0	unclear	Farooque Ahmed ( amuru ya na1976) o bu onye Paskitani- American si n'obodo Ashburn, Virginia onye ndi nchoputa nke Federal Bureau jidere maka ikpu bombu na Washington Metro Stations no na Arlington Cemetery, Pentagon City, Crystal City na Court House .  </ref> E boro ya ebubo na ọ na-anwa inye nkwad
trace	wiki:ig:30022	Tractor Al-Ghazi	0.00613	1	0	mt	Al-Ghazi Tractors Ltd (AGTL) (Urdu) bụ onye na-emepụta igwe ọrụ ugbo nke Pakistan nke nwere isi na Karachi n' ụlọ ọrụ na-emepụta traktọ dị na Dera Ghazi Khan, Pakistan. Ọ bụ onye na-emepụta traktọ New Holland na Pakistan n' ikike mmepụta nke 30,000.  Al-Ghazi Tractors bụ otu n' ime ndị isi abụọ na-e
trace	wiki:ig:77609	Osimiri Semliki	0.00364	3	0	mt	thumb|Ihe a na-ahụ n'elu Osimiri Semliki Osimiri Semliki (French: Rivière Semliki) bụ nnukwu osimiri, 140 kilomita (87 mi) n'ogologo,  na Democratic Republic of the Congo (DRC) na Uganda na Central na East Africa. Ọ na-asọba n'ebe ugwu site na Lake Edward na Beni Territory, Nord-Kivu, DRC na-ezere U
trace	wiki:ig:47193	Debra Bermingham	0.00455	2	0	mt	Debra Bermingham bụ onye omenkà America mara maka ihe nkiri ime ya na ndụ ya.    Akụkọ ndụ  Debra Pandell Bermingham na Northampton, Massachusetts na Septemba 18, 1953. [1] Ọ ike akwụkwọ na Mahadum Washington, Seattle, na Mahadum Cornell na Ithaca, New York     O nweere nkuzi na Mahadum Washington, 
trace	wiki:ig:40397	Ndị na-ahụ maka asọmpi na nchịkwa nke Channel Islands	0.0033	1	0	mt	Asọmpi Channel Islands na ndị na-achịkwa-achịkwa ( CICRA ) bụ aha ndị isi njikwa Jersey na ndị Guernsey Competition and Regulatory Authority, nke na-arụ ọrụ na Bailiwick nke Guernsey na Bailiwick nke Jersey na Channel Islands .  CICRA dị site na 2010 ruo 2020: ndị dị iche Guernsey na Jersey na-arụ ọ
trace	wiki:ig:75383	Ryan Alebiosu	0.00285	1	0	unclear	Ryan Fiyinfoluwa Alebiosu  (amụrụ na 17 Disemba 2001) bụ onye na-agba bọọlụ nke na-agba ọsọ dị ka onye na-azụ azụ aka nri maka otu EFL Championship Blackburn Rovers . A mụrụ ya n'England, ọ na-anọchite anya Naịjirịa na mba ụwa.   Ọrụ klọb  Ọ bịanyere aka na mgbazinye ego maka otu EFL League One Crew
trace	wiki:ig:17545	Lizzie Wilkerson	0.00437	1	0	human	Lizzie Wilkerson (1895-1984) bụ onye America na-ese ihe nkírí nke a maara màkà ihe osise nke gosipụtara ndụ ya n'ugbo.   Akụkọ ndụ  A mụrụ ya Lizzie Henderson na nso Covington, Georgia, nwa ikpeazụ n'ime ụmụ irí abụọ na otu. N'afọ 1919, ọ lụrụ Dewey Wilkerson, ónyé na-arụzi ụgbọala, wee kwaga Atlant
trace	wiki:ig:41397	Osisi Oak Ochie	0.00806	4	0	mt	Ochie Oak bụ ihe nkiri nkiri 2023 nke Ken Loach duziri nke Paul Laverty dere.  Ọ bụ ihe n'etiti United Kingdom, France na Belgium.  Mgbe Mario ụwa ya na 2023 Cannes Film Festival, ebe ọ na-awụmpi maka Palme d'Or, e mmetụta ihe nkiri ahụ na United Kingdom na 29 September 2023, site na StudioCanal .  
trace	wiki:ig:15612	Strijdom van der Merwe	0.00885	5	0	mt	Strijdom van der Merwe (amụrụ n'afọ 1961) bụ onye na-ese ihe na South Africa nke na-eji ihe ọ chọtara na saịtị ahụ mepụta ọrụ nka ya. Ihe ndị o ji rụọ gụnyere ájá, mmiri, osisi, nkume na nkume. Site n'ịkpụzi ihe ndị a n'ụdị geometric, ọ na-ejikọta ọdịiche dị n'etiti ọrụ nka na gburugburu ebe obibi, 
trace	wiki:ig:56629	Usoro ọdịnala	0.00654	5	0	mt	áká_ịkẹngạ|thumb|onwa na-agụ egwú na-eji onavillu, nke ejiri igwe okwu mee ka ọ dịkwuo elu. A na-enyefe Egwú ọdịnala na arụmọrụ; n'ihi ya, ọ na-agbanwe na mmasị ndị na-ege ntị na teknụzụ dịnụ. N'ọmụmụ ihe gbasara akụkọ ifo, usoro ndị mmadụ bụ ụzọ e si agbanwe ihe ndị mmadụ, ọkachasị akụkọ, egwu, na 
moderate	wiki:ig:54475	Zahra Nemati	0.02363	19	0	unclear	Zahra Nemati ( Persian   amuru 30 Eprel 1985) bu onye Iranian Paralympic na onye igba olimpik. Na mbụ ọ na-asọ mpi taekwondo tupu ahụ kpọnwụrụ ya n'ihe mberede ụgbọ ala. N'egwuregwu Paralympic Summer nke afọ 2012 ọ meriri nrite abụọ, ọla edo n'otu n'otu na ọla kọpa otu. O tozuola ịsọ mpi n'egwuregwu
moderate	wiki:ig:11057	Leeanda Reddy	0.01417	9	0	mt	Category:Articles with hCards  Leeanda Antoinette Reddy, bụ onye ome Ihe nkiri  South Africa . A maara ya nke ọma maka ọrụ ya na usoro n'ewu ewu bụ Cape Town, Scandal! na Isidingo .    Ndụ onwe onye  A mụrụ ya na Durban, South Africa. Ọ nọrọ oge nwata ya na obodo Chatsworth na Phoenix na Durban. Ọ g
moderate	wiki:ig:53339	Adela Demetja	0.01178	15	1	human	Adela Demetja Adela Demetja (amụrụ n'afọ 1984 na Tiranë) bụ onye na-ahụ maka nka na Albania.  Adela Demetja bụ onye nlekọta, onye njikwa ọdịbendị, onye na-emepụta ihe na onye na-agba ọsọ ụlọ akwụkwọ si Tirana, na-arụ ọrụ na South East Europe na West Europe. Kemgbe afọ 17 ọ nọ na-amalite ma na-ahazi 
moderate	wiki:ig:15951	Michael Bolus	0.02979	21	0	mt	Category:Articles with hCards A mụrụ ya na South Africa, Michael Edward Bolus bụ onye na-ese ihe na onye nkuzi nke biri na England n'afọ 1957 wee gụọ akwụkwọ na St Martin's School of Art site na 1958 ruo 1962, na-amụ ihe n'okpuru Anthony Caro. Mgbe o biri obere oge na Cape Town, ọ laghachiri London 
moderate	wiki:ig:38986	N'ihi ya, ọ bụ n'oge a ka a na-akpọ Makunga	0.01442	3	0	human	Nwabisa Makunga (amụrụ 1982) bụ onye odeakụkọ South Africa na onye nchịkọta akụkọ. Ọ bụ onye nchịkọta akụkọ nke Sowetan .    Ndụ  A mụrụ Makunga na Uitenhage . Nne ya bụ nwa akwụkwọ sekọndrị n'oge ahụ, ọ zụlitere ya site na nne na nna nna ya, onye isi ụlọ akwụkwọ na onye na-arụ ọrụ na-acha anụnụ anụ
moderate	wiki:ig:48259	Edward Corbett (onye na-ese ihe)	0.01735	8	0	mt	Edward Corbett (August 22, 1919 - June 6, 1971) bụ onye omenkà Abstract Expressionist America.   Akụkọ ndụ  Corbett dị na Chicago, Illinois, nye John Leland Corbett na Laura Corbett.  Nna ya nọ n’òtù ndị agha, n’ihi ya, ahụ na-akwagakarị.  Corbett biri na Virginia, Washington, DC, Texas, Manilla na 
moderate	wiki:ig:39463	Ophelia Clenlans	0.02114	10	0	human	"Ophelia Clenlans (ihe dị ka  - Febụwarị 12, 1907) bụ onye na-akwado ikike obodo na onye nta akụkọ si Omaha, Nebraska.   Akụkọ ndụ  A mụrụ Clenlans ohu n'ihe dịka 1841 na Platte County, Missouri, wee bịa Omaha. Clenlans lụrụ Emanuel S. Clenlans ma ha nwere otu nwa nwanyị, Laura (aha lụrụ Craig). ""Pro"
moderate	wiki:ig:25830	Saddiq Dzukogi	0.02123	9	0	human	Saddiq Dzukogi (amụrụ na Minna) bụ onye Naijiria na-ede uri na osote prọfesọ na Ngalaba Bekee nke Mahadum Steeti Mississippi . Ọ bụ onye dere Your Crib, My Qibla, nchịkọta uri a ma ama nke mere ka o nweta onyinye Derek Walcott nke 2022 maka uri, na onyinye Julie Suk nke 2021 dị ka onye mmeri. E depụ
moderate	wiki:ig:34217	Bello Hayatu Gwarzo	0.01672	5	0	mt	Bello Hayatu Gwarzo (amụrụ n'abalị iri na anọ n'ọnwa Eprel n'afọ 1960) bụ onye ndọrọ ndọrọ ọchịchị Naijiria bụ onye otu Senate Onye Naijiria site n'afọ 1999 ruo n'afọ 2015. . National Assembly of Nigeria. Archived from the original on 3 March 2016. Retrieved 16 September 2009. bụ onye isi oche Senat
moderate	wiki:ig:31116	Tolu Olukayode Odugbemi	0.01024	3	0	mt	.   Tolu Olukayode Odugbemi NNOM, OON (amuru 30 Jenuarrị 1945) bu onye Naijiria prọfesọ nke Medical Microbiology, onye-ahọọ nhọrọ na onye bụbu osote onye isi oche nke Mahadum Lagos, Nigeria .  [1] [2] Ọ bụ osote onye isi nke akara nke Mahadum Lagos   Agụmakwụkwọ  . Ọ akwụkwọ akwụkwọ elementrị na Emm
moderate	wiki:ig:27276	Hennric David Yeboah	0.01789	9	0	unclear	Hennric David Yeboah (1957 - 1 Machị 2019) bụ onye ọchụnta ego na onye ndọrọ ndọrọ ọchịchị Ghana nke Republic of Ghana . Ọ bụ onye omeiwu na-anọchite anya Afigya Sekyere East nke Ashanti Region nke Ghana na 4th, 5th, na 6th Parliament nke 4th Republic of Ghana. Ọ bụ onye otu New Patriotic Party.   M
moderate	wiki:ig:58773	Ebere Myra	0.01003	3	0	unclear	"Mercy Myra Grundberg, nke a maara nke ọma dị ka Mercy Myla, bụ onye egwu R&B si Kenya.   Akụkọ ndụ  Na 1996, o sonyeere Calabash Band mana hapụrụ ya n'afọ na-abịa isonye na R&B otu Destinee na 1997 ọ sonyeere otu egwu akpọrọ Black Ice. Ọ tụgharịrị solo wee wepụta nke mbụ ya ""Sitaki"" (nke gosipụtara "
moderate	wiki:ig:59259	Asụsụ Vurës	0.02899	12	0	mt	Ọkà okwu Vurës, e dekọrọ na Vanuatu . Vurës (Vureas, Vures) bụ asụsụ Oceanic a na-asụ na mpaghara ndịda Vanua Lava Island, na agwaetiti Banks nke ugwu Vanuatu, nke ndị na-asụ ihe dị ka 2000 na-asụ. [ 2 ]  Ọka mmụta asụsụ Catriona Malau kọwara Vurës, n'ụdị ụtọ asụsụ [ 2 ] na akwụkwọ ọkọwa okwu. [ 3 ]
moderate	wiki:ig:15593	Irma Stern	0.01289	7	0	mt	Irma Stern (ubochí abụọ n'ọnwa Ọktoba 1894 rụo ụbọchị irí abụọ na àtó n'ọnwa Ọgọst 1966) bụ ónyé isi na-ese ihe na South Africa nke nwetara nkwado mba na nke mba ụwa n'oge ndụ ya.   Ndụ  A mụrụ Stern na Schweizer-Reneke, obéré ọbọdọ dị na Transvaal, nke nné na nnà German-Jewish. Ndị Britain tinyere 
moderate	wiki:ig:35335	O. C. Onwudike	0.01048	5	0	mt	Ogbonnaya Chikwe Onwudike (amụrụ na 12 Ọktoba 1947) bụ onye agụmakwụkwọ na onye nchịkwa Naijiria bụ osote onye isi nke Mahadum Rhema ugbu a ebe ọ bụ osote onyeisi nke abụọ nke Mahadum Ọrụ Ugbo Michael Okpara site na 2001 ruo 2006.   Mbido ndụ na agụmakwụkwọ  A mụrụ Onwudike na mpaghara gọọmentị ime 
moderate	wiki:ig:47555	Brian Alfred	0.01754	12	0	mt	Brian Alfred ( mmalite 2 Disemba 1974, na Pittsburgh, Pennsylvania ) bụ onye na-ese ihe dabere na Brooklyn, New York .[ a chọrọ nkọwa ]   Agụmakwụkwọ  Alfred nzere bachelọ nke Fine Art na Mahadum Penn State yana Masters of Fine Art degree na Mahadum Yale .  Ọ gara Skowhegan School of Painting and Sc
moderate	wiki:ig:48359	Deborah Pratt	0.02757	18	0	unclear	Deborah M. Pratt bụ onye nduzi America, onye ode akwụkwọ, onye na-emepụta ihe onyonyo na onye na-eme ihe nkiri.   Ndụ mbido  Pratt mụrụ ma zụlite na Chicago, Illinois, site na ezinụlọ ndị America America.  Ọ bụ ada Geraldine Marian ( née Bryant), onye nkuzi na Col. Bertram Roberson Pratt, onye osote
moderate	wiki:ig:38015	Nkịta Ndị Na-achụ	0.02985	4	0	unclear	Chased by the Dogs or The Thief and the Dogs (, translit. El less wal kilab) bụ ihe nkiri Egypt 1962 nke Kamal El Sheikh duziri, dabere na akwụkwọ akụkọ 1961 Onye ohi na Nkịta nke Naguib Mahfouz. Ọ banyere na 13th Berlin International Film Festival. Ahọpụtakwara ihe nkiri ahụ dị ka  ntinye Egypt mak
moderate	wiki:ig:15454	Harold Rubin	0.0158	7	0	mt	thumb Harold Rubin (ubochí irí àtó n'ọnwa Mee 1932 rụọ úbọchị mbú n'ọnwa Eprel 2020) bụ ónyé Israel na-ese ihe na onye na-egwu jazz n'efu.   Ndụ na ọrụ  A mụrụ Rubin na Johannesburg, South Africa n'ubochí irí àtó n'ọnwa Mee 1932. Ọ gara Jeppe High School for Boys ma nata ntụziaka onwé ónyé na nka ma
moderate	wiki:ig:53096	Abigail	0.01601	18	0	mt	áká_ịkẹngạ|thumb|250x250px|Devid na Abigail nke Antonio Molinari dere áká_ịkẹngạ|thumb|250x250px|Abigail ji akọ nke Juan Antonio Escalante dere áká_ịkẹngạ|thumb|250x250px|Devid na Abigail, 1860 osisi nke Julius Schnorr von Karolsfeld Abigail (Hibru: אֲבִיגַיִל, Modern: ʾAvīgayīl, Tiberian: ʾĂḇīḡayīl
moderate	wiki:ig:11698	Nze Ukwu Nnadum	0.01415	3	0	human	Nze Ukwu Nwelue Nnadum bụ onye ọka ikpe nke eze n'ụlọ eze dị n'Ezeoke Nsu ọ na-sụgharị ya na Obí mgbe ndị Portuguese rutere.   Ndụ  Nze Ukwu Nwelue Nnadum bụ okenye onye Igbo ọkà mmụta, ọkà ihe ọmụma na Court Adjudicator, onye jere ozi na Palace of Eze nke Nsu n'etiti 1780 na 1830. Ọ kwadoro ụkpụrụ 
moderate	wiki:ig:20879	Asụsụ Luba-Kasai	0.02002	21	0	mt	"Luba-KasaiCilubà""Cilubà"" is Standard Orthography, pronounced like ""Chilubà"" and ""Tshilubà"". (Tshilubà)Native toDemocratic Republic of the CongoRegionKasai  Kasai-Occidental  Kasai-OrientalEthnicityBaluba-Kasai (Bena-kasai)Native speakers(6.3 million Cilubaphones cited 1991)Luba-Kasai at Ethnologue ("
moderate	wiki:ig:17051	Ming Smith	0.02091	17	0	human	Ming Smith bụ onye Amerịka na-ese foto. Ọ bụ nwanyị Afrịka-Amerịka mbụ na-ese foto nke Museum Of Modern Art na New York City nwetara ọrụ ya.   Akụkọ ndụ  A mụrụ Smith na Detroit, Michigan, ma zụlite ya na Columbus, Ohio. Mgbe ọ gụsịrị akwụkwọ na Mahadum Howard n'afọ 1973, ọ kwagara New York City, eb
moderate	wiki:ig:13382	Elizabeth Balogun	0.01674	4	0	mt	Mkpúrù èdè íke'Elizabeth Balogun''' bụ onye egwuregwu basketball nke Naijiria. Ọ na-agba bọọlụ kọleji maka Louisville Cardinals Women's Team na ndị otu mba Naịjirịa.   Agumakwụkwọ sekọndrị  Balogun kwagara Hamilton Heights High SchoolTennessee na klas asatọ ya na Lagos, Nigeria. O nwetara akara 15.1
moderate	wiki:ig:22638	Cristina Fontes Lima	0.01159	4	0	human	Maria Cristina Lopes Almeida Fontes Lima (amụrụ n'afọ 1958) bụ onye ọka iwu na onye ndọrọ ndọrọ ọchịchị Cape Verde nke jere ozi dị ka minista ikpe ziri ezi site n'afọ 2001 ruo afọ 2006, Minista na-ahụ maka nchekwa site n'afo 2006 ruo afọ 2011 na osote praịm minista na minista ahụike site n'afo 2011 
heavy	wiki:ig:25213	Ụlọ Ọrụ Canada Maka Nhazi na Nnyocha Ihu igwe	0.03371	6	0	human	The Canadian Centre for Climate Modelling and Analysis (CCCma) bụ akụkụ nkè Climate Research Division of Environment Canada ma dị na Mahadum Victoria, Victoria, British Columbia. Ebumnuche ya bụ ịzụlite ma tinye n'ọrụ ụdị ihu igwe iji melite nghọta nkè mgbanwe ihu igwe ma mee atụmatụ dị ukwuu nke ih
heavy	wiki:ig:28138	Mary E. Ireland	0.03172	51	0	unclear	Mary E. Ireland Mary E. Ireland (née, Haines; aha mkpịsị aka, Marie Norman; Jenụwarị 9, 1834 - Ọktoba 29, 1927) bụ onye edemede na onye ntụgharị America. A mụrụ ya na Maryland, ọ biri ndụ na-arụsi ọrụ ike na Washington, D.C., na-ele ọrụ edemede ya anya dị ka ntụrụndụ. Ọ bụ ezie na a na-echeta ya dị 
heavy	wiki:ig:48058	Rene Paul Chambellan	0.05015	33	0	mt	"Rene Paul Chambellan (Septemba 15, 1893 - Nọvemba 29, 1955) bụ onye ọkpụ ọkpụ America bụ ihe n'ịkpụ ihe ọkpụkpụ.   Ọ bụkwa otu n'ime ndị mbụ na-eme ihe a na-akpọ ""French Modern Style"" ma sere Zig-Zag Moderne, ma ọ bụ Art Deco.   Ọ na-ahụkwa ọtụtụ oge n'ụdị Greco Deco.  ./link>[ a chọrọ nkọwa ]   Ndụ"
heavy	wiki:ig:18557	Marianne Thamm	0.05455	9	0	mt	residenceMarianne Thamm Category:Articles with hCards  Marianne Thamm bụ onye nta akụkọ South Africa, odee na onye na-eme ihe ọchị. Ọ bụ osote onye nchịkọta akụkọ nke Daily Maverick ma dee ọtụtụ akwụkwọ. N'afọ 2016, o wepụtara akwụkwọ ncheta, Hitler, Verwoerd, Mandela na m.Video – Between The Lines:
heavy	wiki:ig:28126	Agwa	0.04992	123	0	mt	áká_ịkẹngạ|thumb|Agwa n'elu ahihia áká_ịkẹngạ|thumb|Osisi àgwà thumb|Agwa Agwa  bụ mkpụrụ nke ọtụtụ osisi n'ezinụlọ Fabaceae, nke a na-eji dị ka akwụkwọ nri maka nri mmadụ ma ọ bụ anụmanụ. Enwere ike isi ha n'ọtụtụ ụzọ dị iche iche, gụnyere isi nri, isi nri, na isi nri, ma jiri ha mee ihe n'ọtụtụ nr
heavy	wiki:ig:74541	Akụkọ Ọgwụ	0.04104	11	0	mt	"Cover of Medical Misadventure in an Age of Professionalisation, 1780-1890 site na Alannah Tomkins, 2017. Social Histories of Medicine bụ usoro akwụkwọ sitere na Manchester University Press  nke na-ekpuchi ""akụkụ niile nke ahụike, ọrịa na ọgwụ, site na prehistory ruo ugbu a, n'akụkụ ọ bụla nke ụwa"". "
heavy	wiki:ig:76005	Rozsika Parker	0.06186	18	0	human	Rozsika Parker (27 Disemba 1945 - 5 Nọvemba 2010) bụ onye Britain na-agwọ ọrịa uche, ọkammụta akụkọ nka mere eme, odee na onye na-akwado nha ụmụ nwanyị.    Akụkọ ndụ  A mụrụ Parker na London ma ọ nọrọ afọ ndị mbụ ya na Oxford, ma na-agụ akwụkwọ na ụlọ akwụkwọ Wychwood .   N'agbata afọ 1966 ruo1969, 
heavy	wiki:ig:11279	The Punch	0.04306	9	0	mt	thumb The Punch bụ akwụkwọ akụkọ Naijiria ebipụtara ụbọchị hiwere na 1971.    Akụkọ ihe mere eme  Ọ bụ James Aboderin bụ onye ndekọ ego na Sam Amuka bụ onye odeakụkọ na onye nchịkọta akụkọ na Daily Times nke Nigeria tọrọ ntọala The Punch feet. Amuka ghọrọ onye nchịkọta akụkọ mbụ nke Sunday Punch . N
heavy	wiki:ig:29173	Sahab Geographic and Drafting Institute	0.13669	19	0	unclear	Sahab Geographic and Drafting Institute .Sahab Geographic na Drafing Institute bụ ụlọ akwụkwọ izizi mpaghara na eserese eserese na mpaghara nzuzo nke Iran na Middle East.  Ọ na-emepụta maapụ, globes, atlases na ihe nkuzi ndị ọzọ gbasara ọdịdị ala.[1][2][3]  Onye njikwa ụlọ ọrụ ugbu a bụ Mohammad Rez
heavy	wiki:ig:27550	Mary Kwalite	0.08108	12	0	mt	Mary Winefride Bousted (née Bleasdale; amuru 15 Septemba 1959) bu onye ahia ahia nke Britain bu onye okacha amara nke National Education Union (NEU) n’akuku Kevin Courtney.Bousted bụbu odeakwụkwọ ukwu nke otu ndị nkuzi, Association of Teachers and Lecturers (ATL) tupu ya na National Union of Teacher
heavy	wiki:ig:14190	Jude Idada	0.04163	51	0	mt	Category:Articles with hCards  Jude Idada bụ onye Naijiria na-ede ihe nkiri, onye na-eme ihe nkiri, onye na-ede uri, onye na-ede egwuregwu na onye na-emepụta ihe nkiri a maara nke ọma maka ide ihe nkiri, The Tenant . Ọ rụpụtala ma dee ọtụtụ obere ihe nkiri na akwụkwọ ndị ọzọ.   Mmalite ndụ ya na agụ
heavy	wiki:ig:51021	Njikọ nke ụmụ nwanyị ndị Juu (Germany)	0.03256	21	0	human	Njikọ nke ndị inyom Juu na Germany (German: Jüdischer Frauenbund, JFB) bụ Bertha Pappenheim tọrọ ntọala na 1904. Pappenheim duuru JFB n'ime afọ iri abụọ mbụ nke ịdị adị ya, ma nọgide na-arụsi ọrụ ike na ya ruo mgbe ọ nwụrụ na 1936.[1] JFB bịara na-ewu ewu site na narị afọ nke 20. N’oge ọ kacha elu n
heavy	wiki:ig:14757	Chuck Patton	0.04677	34	0	mt	Chuck Patton Chuck Patton Chuck Patton subcatChuck Patton sortkeyChuck Patton Francis Chuck Patton bụ onye African-American na-ese ihe nkiri na onye na-eme ihe nkiri. A maara ya nke ọma maka ọrụ ya na ihe nkiri DC Comics a kpọrọ 'Justice League of America na 1980s, kpọmkwem maka oge ndị otu ahụ kwag
heavy	wiki:ig:23394	Helen Zille	0.11556	26	0	unclear	Otta Helene Maree (née Zille /ˈzɪlə/; Amụrụ na 9 Machị 1951), nke a maara dị ka Helen Zille, bụ onye ndọrọ ndọrọ ọchịchị South Africa. Ọ rụrụ ọrụ dị ka Onye isi oche nke Federal Council nke Democratic Alliance kemgbe ụbọchị 20 Ọktoba 2019. Site n'afọ 2009 ruo afọ 2019, ọ bụ onye isi ala nke mpaghara
heavy	wiki:ig:51941	Mehbub Mondal	0.0411	3	0	human	Mehbub Mondal bụ onye ndọrọ ndọrọ ọchịchị India si West Bengal nke All India Trinamool Congress. Ọ bụbu onye so na West Bengal Legislative Assembly.   Akụkọ ndụ  A họpụtara Mondal ka onye omebe iwu nke West Bengal Legislative Assembly dị ka onye ndoro-ndoro ochichi All India Forward Bloc si Galsi na
heavy	wiki:ig:26873	New Capitol Cinemas	0.05385	7	0	human	New Capitol Cinemas bụ usoro ihe nkiri na Botswana.  New Capitol Cinema meghere Botswana mbụ Cineplex na 2002, dị ka ụlọ ihe nkiri ihuenyo anọ na Riverwalk shopping Mall na Gaborne East.. N'otu afọ ahụ, New Capitol Cinemas meghere ihe nkiri itoolu na Game Shopping Mall na Gaborone West. Otu n'ime nd
heavy	wiki:ig:51383	Bernard Fonlon	0.03472	10	0	mt	Bernard Nsokika Fonlon (19 Nọvemba 1924 - 27 Ọgọst 1986) bụ onye ndọrọ ndọrọ ọchịchị Cameroon na onye nkuzi nke rụrụ ọrụ na mmepe nke asụsụ abụọ na Cameroon .  thumb   Mbido ndụ na agụmakwụkwọ  A mụrụ Bernard Fonlon na 19 November 1924 na Kumbo Nso na Cameroon. [2] Ọ malitere agụmakwụkwọ elementrị y
heavy	wiki:ig:55783	Jason Leiba	0.05	7	0	mt	Jason Leibahttps://www.nyweeklymagazine.com/blog/30-years-of-service-excellence-jason-leiba-on-success-in-finance-and-insurance bụ onye ọchụnta ego na onye amụrụ na St. Petersburg. Andrew , Jamaica , June 14 , 1979 .https://www.entrepreneursherald.com/blog/jason-leiba-founder-of-leiba-associates-bui
heavy	wiki:ig:33811	Averil Cameron	0.04023	48	0	mt	Category:Articles with hCards Dame Averil Millicent Cameron DBE FSA FRHistS FBA (née Sutton; amụrụ na 8 Febụwarị 1940), nke a na-akpọkarị A. M. Cameron, bụ onye ọkọ akụkọ ihe mere eme nke Britain. Ọ na-ede na Late Antiquity, Classics, na Byzantine Studies. Ọ bụ Prọfesọ nke Late Antique na Byzantine 
heavy	wiki:ig:15987	Anta Germane Gaye	0.0303	3	0	mt	Category:Articles with hCards Anta Germane Gaye (amụrụ n'afọ 1953) bụ onye Senegal na-ese ihe na onye na-akpụ ihe ọkpụkpụ.   Ihe ngosi    1998: Pont (ihe a tụrụ atụ), Goethe Institute, Saint-Louis  1996: Ndị ikpeazụ maka Onye isi ala nke Republic Prize for the Arts, Dakar  1995: Signes Plus (Helsen)
heavy	wiki:ig:17553	Tiko Campbell	0.05	4	0	human	Tiko Frederick Campbell (Ọgọstụ 7, na afọ 1947 , Febrụwarị 16, na afo 2012) bụ onye edemede America na onye na-ese ụkpụrụ ụlọ si Washington, D.C. Campbell bụ di mbụ nke onye edemede nwụrụ anwụ Bebe Moore Campbell, na nna nke onye na-eme ihe nkiri Maia Campbell. Ọ bụkwa onye dere akwụkwọ akụkọ ihe me
heavy	wiki:ig:53953	Sarah Cardell	0.05328	13	0	human	Sarah Francesca Louise Cardell (amuru na Nọvemba 1973) bu onye isi oche nke Asọmpi na Ahịa nke Britain (CMA).   Mbido ndụ na agụmakwụkwọ  A mụrụ Cardell na November 1973. Ọ gụrụ akwụkwọ nkà ihe ọmụma, ndọrọ ndọrọ ọchịchị na akụnụba na Exeter College, University of Oxford.    Ọrụ  Cardell rụrụ ọrụ na
heavy	wiki:ig:37115	Imbabazi: Mgbaghara	0.0396	12	0	mt	Imbabazi: The Pardon bụ ihe nkiri Rwandan nke afọ 2013, ihe nkiri izizi nke onye nduzi Joël Karekezi.  Karekezi invited to Seattle International Film Festival, The New Times, 3 May 2013. : E mere mgbaghara ahụ na mmefu ego dị ala, na ndị na-eme ihe nkiri na-eme n'efu, ma gbaa ya na Uganda. Ihe nkiri
heavy	wiki:ig:36939	Asụsụ Kili	0.04072	9	0	mt	KiliKur-UrmiA mụrụ ya Russia, ChinaNdị na-asụ asụsụ ala (40 e depụtara 1989-1990) [e depụtara dị mkpa]Ezinụlọ asụsụTungusic  Ebe Ugwu  Ewenic  Ìgwè Evenki  KiliKoodu asụsụISO 639-3Ọ dịghị onye (nke na-ezighị ezi) Glottologkile1243ELP Kili  KilenframelessA na-ahazi Kili dị ka nke nọ n'ihe ize ndụ sit
heavy	wiki:ig:39890	Robin N. Hamilton	0.0334	32	0	unclear	"Robin Nicole Hamilton bụ onye nta akụkọ America, onye edemede, onye na-eme ihe nkiri telivishọn, na onye isi na ""ARoundRobin Production Company"". Ọ rụrụ ọrụ dị ka onye nta akụkọ mgbasa ozi na Florida, New York, Boston, Massachusetts, na Washington, D.C. Ọ duziri obere ihe nkiri akwụkwọ akụkọ 2015 Th"
